--Do not use this file for now. Use PCR Test Data in the directory above 

--/****** Object:  Table [dbo].[tbl_Demographic]    Script Date: 01/25/2013 14:40:21 ******/
--SET IDENTITY_INSERT [dbo].[tbl_Demographic] ON
--INSERT [dbo].[tbl_Demographic] ([GenNote], [PtID], [PtIHI], [Nm], [MddleNm], [LstNm], [DOB], [DOBAcc], [Dth], [DOD], [DODAcc], [CODth], [ATSI], [CountryBirth], [Street], [AddNK], [NOFXAdd], [Suburb], [Pcode], [State], [Country], [PtEmail], [PtMobPh], [PtHomPh], [PtWorkPh], [PtPhNo], [WrHmPh], [WrmobPh], [WrWkPh], [Medicare], [NoMedicare], [DVA], [DVAno], [NOKStat], [NOKNm], [NOKNmNo], [NOKLstNm], [NOKLstNmNo], [NOKRel], [NOKOth], [NOKAddSt], [NOKStreet], [NOKSuburb], [NOKPcode], [NOKPcodeNo], [NOKState], [NOKMobPh], [NOKHomPh], [NOKWrkPh], [GPStatus], [GPNm], [GPNmNo], [GPLstNm], [GPLstNmNo], [GPAdd], [GPPcode], [GPState], [GPWrkPh], [GPWrkPhNS], [DemDc], [DemDcDt], [DemVal], [LastSavedBy], [LastSavedDate], [CreatedBy], [CreatedDate]) VALUES (NULL, 1, NULL, N'Test1', NULL, N'Test', CAST(0x00005CBD00000000 AS DateTime), 1, NULL, NULL, NULL, NULL, 1, NULL, NULL, NULL, NULL, NULL, NULL, NULL, NULL, NULL, NULL, NULL, NULL, NULL, NULL, NULL, NULL, NULL, NULL, NULL, NULL, 1, NULL, NULL, NULL, NULL, NULL, NULL, NULL, NULL, NULL, NULL, NULL, NULL, NULL, NULL, NULL, 1, NULL, NULL, NULL, NULL, NULL, NULL, NULL, NULL, NULL, NULL, NULL, NULL, NULL, NULL, NULL, NULL)
--INSERT [dbo].[tbl_Demographic] ([GenNote], [PtID], [PtIHI], [Nm], [MddleNm], [LstNm], [DOB], [DOBAcc], [Dth], [DOD], [DODAcc], [CODth], [ATSI], [CountryBirth], [Street], [AddNK], [NOFXAdd], [Suburb], [Pcode], [State], [Country], [PtEmail], [PtMobPh], [PtHomPh], [PtWorkPh], [PtPhNo], [WrHmPh], [WrmobPh], [WrWkPh], [Medicare], [NoMedicare], [DVA], [DVAno], [NOKStat], [NOKNm], [NOKNmNo], [NOKLstNm], [NOKLstNmNo], [NOKRel], [NOKOth], [NOKAddSt], [NOKStreet], [NOKSuburb], [NOKPcode], [NOKPcodeNo], [NOKState], [NOKMobPh], [NOKHomPh], [NOKWrkPh], [GPStatus], [GPNm], [GPNmNo], [GPLstNm], [GPLstNmNo], [GPAdd], [GPPcode], [GPState], [GPWrkPh], [GPWrkPhNS], [DemDc], [DemDcDt], [DemVal], [LastSavedBy], [LastSavedDate], [CreatedBy], [CreatedDate]) VALUES (NULL, 2, NULL, N'Test2', NULL, N'Test', CAST(0x00005CBD00000000 AS DateTime), 1, NULL, NULL, NULL, NULL, 1, NULL, NULL, NULL, NULL, NULL, NULL, NULL, NULL, NULL, NULL, NULL, NULL, NULL, NULL, NULL, NULL, NULL, NULL, NULL, NULL, 1, NULL, NULL, NULL, NULL, NULL, NULL, NULL, NULL, NULL, NULL, NULL, NULL, NULL, NULL, NULL, 1, NULL, NULL, NULL, NULL, NULL, NULL, NULL, NULL, NULL, NULL, NULL, NULL, NULL, NULL, NULL, NULL)
--INSERT [dbo].[tbl_Demographic] ([GenNote], [PtID], [PtIHI], [Nm], [MddleNm], [LstNm], [DOB], [DOBAcc], [Dth], [DOD], [DODAcc], [CODth], [ATSI], [CountryBirth], [Street], [AddNK], [NOFXAdd], [Suburb], [Pcode], [State], [Country], [PtEmail], [PtMobPh], [PtHomPh], [PtWorkPh], [PtPhNo], [WrHmPh], [WrmobPh], [WrWkPh], [Medicare], [NoMedicare], [DVA], [DVAno], [NOKStat], [NOKNm], [NOKNmNo], [NOKLstNm], [NOKLstNmNo], [NOKRel], [NOKOth], [NOKAddSt], [NOKStreet], [NOKSuburb], [NOKPcode], [NOKPcodeNo], [NOKState], [NOKMobPh], [NOKHomPh], [NOKWrkPh], [GPStatus], [GPNm], [GPNmNo], [GPLstNm], [GPLstNmNo], [GPAdd], [GPPcode], [GPState], [GPWrkPh], [GPWrkPhNS], [DemDc], [DemDcDt], [DemVal], [LastSavedBy], [LastSavedDate], [CreatedBy], [CreatedDate]) VALUES (NULL, 3, NULL, N'Test3', NULL, N'Test', CAST(0x00005CBD00000000 AS DateTime), 1, NULL, NULL, NULL, NULL, 1, NULL, NULL, NULL, NULL, NULL, NULL, NULL, NULL, NULL, NULL, NULL, NULL, NULL, NULL, NULL, NULL, NULL, NULL, NULL, NULL, 1, NULL, NULL, NULL, NULL, NULL, NULL, NULL, NULL, NULL, NULL, NULL, NULL, NULL, NULL, NULL, 1, NULL, NULL, NULL, NULL, NULL, NULL, NULL, NULL, NULL, NULL, NULL, NULL, NULL, NULL, NULL, NULL)
--INSERT [dbo].[tbl_Demographic] ([GenNote], [PtID], [PtIHI], [Nm], [MddleNm], [LstNm], [DOB], [DOBAcc], [Dth], [DOD], [DODAcc], [CODth], [ATSI], [CountryBirth], [Street], [AddNK], [NOFXAdd], [Suburb], [Pcode], [State], [Country], [PtEmail], [PtMobPh], [PtHomPh], [PtWorkPh], [PtPhNo], [WrHmPh], [WrmobPh], [WrWkPh], [Medicare], [NoMedicare], [DVA], [DVAno], [NOKStat], [NOKNm], [NOKNmNo], [NOKLstNm], [NOKLstNmNo], [NOKRel], [NOKOth], [NOKAddSt], [NOKStreet], [NOKSuburb], [NOKPcode], [NOKPcodeNo], [NOKState], [NOKMobPh], [NOKHomPh], [NOKWrkPh], [GPStatus], [GPNm], [GPNmNo], [GPLstNm], [GPLstNmNo], [GPAdd], [GPPcode], [GPState], [GPWrkPh], [GPWrkPhNS], [DemDc], [DemDcDt], [DemVal], [LastSavedBy], [LastSavedDate], [CreatedBy], [CreatedDate]) VALUES (NULL, 4, NULL, N'Test4', NULL, N'Test', CAST(0x00005CBD00000000 AS DateTime), 1, NULL, NULL, NULL, NULL, 1, NULL, NULL, NULL, NULL, NULL, NULL, NULL, NULL, NULL, NULL, NULL, NULL, NULL, NULL, NULL, NULL, NULL, NULL, NULL, NULL, 1, NULL, NULL, NULL, NULL, NULL, NULL, NULL, NULL, NULL, NULL, NULL, NULL, NULL, NULL, NULL, 1, NULL, NULL, NULL, NULL, NULL, NULL, NULL, NULL, NULL, NULL, NULL, NULL, NULL, NULL, NULL, NULL)
--INSERT [dbo].[tbl_Demographic] ([GenNote], [PtID], [PtIHI], [Nm], [MddleNm], [LstNm], [DOB], [DOBAcc], [Dth], [DOD], [DODAcc], [CODth], [ATSI], [CountryBirth], [Street], [AddNK], [NOFXAdd], [Suburb], [Pcode], [State], [Country], [PtEmail], [PtMobPh], [PtHomPh], [PtWorkPh], [PtPhNo], [WrHmPh], [WrmobPh], [WrWkPh], [Medicare], [NoMedicare], [DVA], [DVAno], [NOKStat], [NOKNm], [NOKNmNo], [NOKLstNm], [NOKLstNmNo], [NOKRel], [NOKOth], [NOKAddSt], [NOKStreet], [NOKSuburb], [NOKPcode], [NOKPcodeNo], [NOKState], [NOKMobPh], [NOKHomPh], [NOKWrkPh], [GPStatus], [GPNm], [GPNmNo], [GPLstNm], [GPLstNmNo], [GPAdd], [GPPcode], [GPState], [GPWrkPh], [GPWrkPhNS], [DemDc], [DemDcDt], [DemVal], [LastSavedBy], [LastSavedDate], [CreatedBy], [CreatedDate]) VALUES (NULL, 5, NULL, N'Test5', NULL, N'Test', CAST(0x00005CBD00000000 AS DateTime), 1, NULL, NULL, NULL, NULL, 1, NULL, NULL, NULL, NULL, NULL, NULL, NULL, NULL, NULL, NULL, NULL, NULL, NULL, NULL, NULL, NULL, NULL, NULL, NULL, NULL, 1, NULL, NULL, NULL, NULL, NULL, NULL, NULL, NULL, NULL, NULL, NULL, NULL, NULL, NULL, NULL, 1, NULL, NULL, NULL, NULL, NULL, NULL, NULL, NULL, NULL, NULL, NULL, NULL, NULL, NULL, NULL, NULL)
--INSERT [dbo].[tbl_Demographic] ([GenNote], [PtID], [PtIHI], [Nm], [MddleNm], [LstNm], [DOB], [DOBAcc], [Dth], [DOD], [DODAcc], [CODth], [ATSI], [CountryBirth], [Street], [AddNK], [NOFXAdd], [Suburb], [Pcode], [State], [Country], [PtEmail], [PtMobPh], [PtHomPh], [PtWorkPh], [PtPhNo], [WrHmPh], [WrmobPh], [WrWkPh], [Medicare], [NoMedicare], [DVA], [DVAno], [NOKStat], [NOKNm], [NOKNmNo], [NOKLstNm], [NOKLstNmNo], [NOKRel], [NOKOth], [NOKAddSt], [NOKStreet], [NOKSuburb], [NOKPcode], [NOKPcodeNo], [NOKState], [NOKMobPh], [NOKHomPh], [NOKWrkPh], [GPStatus], [GPNm], [GPNmNo], [GPLstNm], [GPLstNmNo], [GPAdd], [GPPcode], [GPState], [GPWrkPh], [GPWrkPhNS], [DemDc], [DemDcDt], [DemVal], [LastSavedBy], [LastSavedDate], [CreatedBy], [CreatedDate]) VALUES (NULL, 6, NULL, N'Test6', NULL, N'Test', CAST(0x00005CBD00000000 AS DateTime), 1, NULL, NULL, NULL, NULL, 1, NULL, NULL, NULL, NULL, NULL, NULL, NULL, NULL, NULL, NULL, NULL, NULL, NULL, NULL, NULL, NULL, NULL, NULL, NULL, NULL, 1, NULL, NULL, NULL, NULL, NULL, NULL, NULL, NULL, NULL, NULL, NULL, NULL, NULL, NULL, NULL, 1, NULL, NULL, NULL, NULL, NULL, NULL, NULL, NULL, NULL, NULL, NULL, NULL, NULL, NULL, NULL, NULL)
--INSERT [dbo].[tbl_Demographic] ([GenNote], [PtID], [PtIHI], [Nm], [MddleNm], [LstNm], [DOB], [DOBAcc], [Dth], [DOD], [DODAcc], [CODth], [ATSI], [CountryBirth], [Street], [AddNK], [NOFXAdd], [Suburb], [Pcode], [State], [Country], [PtEmail], [PtMobPh], [PtHomPh], [PtWorkPh], [PtPhNo], [WrHmPh], [WrmobPh], [WrWkPh], [Medicare], [NoMedicare], [DVA], [DVAno], [NOKStat], [NOKNm], [NOKNmNo], [NOKLstNm], [NOKLstNmNo], [NOKRel], [NOKOth], [NOKAddSt], [NOKStreet], [NOKSuburb], [NOKPcode], [NOKPcodeNo], [NOKState], [NOKMobPh], [NOKHomPh], [NOKWrkPh], [GPStatus], [GPNm], [GPNmNo], [GPLstNm], [GPLstNmNo], [GPAdd], [GPPcode], [GPState], [GPWrkPh], [GPWrkPhNS], [DemDc], [DemDcDt], [DemVal], [LastSavedBy], [LastSavedDate], [CreatedBy], [CreatedDate]) VALUES (NULL, 7, NULL, N'Test7', NULL, N'Test', CAST(0x00005CBD00000000 AS DateTime), 1, NULL, NULL, NULL, NULL, 1, NULL, NULL, NULL, NULL, NULL, NULL, NULL, NULL, NULL, NULL, NULL, NULL, NULL, NULL, NULL, NULL, NULL, NULL, NULL, NULL, 1, NULL, NULL, NULL, NULL, NULL, NULL, NULL, NULL, NULL, NULL, NULL, NULL, NULL, NULL, NULL, 1, NULL, NULL, NULL, NULL, NULL, NULL, NULL, NULL, NULL, NULL, NULL, NULL, NULL, NULL, NULL, NULL)
--INSERT [dbo].[tbl_Demographic] ([GenNote], [PtID], [PtIHI], [Nm], [MddleNm], [LstNm], [DOB], [DOBAcc], [Dth], [DOD], [DODAcc], [CODth], [ATSI], [CountryBirth], [Street], [AddNK], [NOFXAdd], [Suburb], [Pcode], [State], [Country], [PtEmail], [PtMobPh], [PtHomPh], [PtWorkPh], [PtPhNo], [WrHmPh], [WrmobPh], [WrWkPh], [Medicare], [NoMedicare], [DVA], [DVAno], [NOKStat], [NOKNm], [NOKNmNo], [NOKLstNm], [NOKLstNmNo], [NOKRel], [NOKOth], [NOKAddSt], [NOKStreet], [NOKSuburb], [NOKPcode], [NOKPcodeNo], [NOKState], [NOKMobPh], [NOKHomPh], [NOKWrkPh], [GPStatus], [GPNm], [GPNmNo], [GPLstNm], [GPLstNmNo], [GPAdd], [GPPcode], [GPState], [GPWrkPh], [GPWrkPhNS], [DemDc], [DemDcDt], [DemVal], [LastSavedBy], [LastSavedDate], [CreatedBy], [CreatedDate]) VALUES (NULL, 8, NULL, N'Test8', NULL, N'Test', CAST(0x00005CBD00000000 AS DateTime), 1, NULL, NULL, NULL, NULL, 1, NULL, NULL, NULL, NULL, NULL, NULL, NULL, NULL, NULL, NULL, NULL, NULL, NULL, NULL, NULL, NULL, NULL, NULL, NULL, NULL, 1, NULL, NULL, NULL, NULL, NULL, NULL, NULL, NULL, NULL, NULL, NULL, NULL, NULL, NULL, NULL, 1, NULL, NULL, NULL, NULL, NULL, NULL, NULL, NULL, NULL, NULL, NULL, NULL, NULL, NULL, NULL, NULL)
--INSERT [dbo].[tbl_Demographic] ([GenNote], [PtID], [PtIHI], [Nm], [MddleNm], [LstNm], [DOB], [DOBAcc], [Dth], [DOD], [DODAcc], [CODth], [ATSI], [CountryBirth], [Street], [AddNK], [NOFXAdd], [Suburb], [Pcode], [State], [Country], [PtEmail], [PtMobPh], [PtHomPh], [PtWorkPh], [PtPhNo], [WrHmPh], [WrmobPh], [WrWkPh], [Medicare], [NoMedicare], [DVA], [DVAno], [NOKStat], [NOKNm], [NOKNmNo], [NOKLstNm], [NOKLstNmNo], [NOKRel], [NOKOth], [NOKAddSt], [NOKStreet], [NOKSuburb], [NOKPcode], [NOKPcodeNo], [NOKState], [NOKMobPh], [NOKHomPh], [NOKWrkPh], [GPStatus], [GPNm], [GPNmNo], [GPLstNm], [GPLstNmNo], [GPAdd], [GPPcode], [GPState], [GPWrkPh], [GPWrkPhNS], [DemDc], [DemDcDt], [DemVal], [LastSavedBy], [LastSavedDate], [CreatedBy], [CreatedDate]) VALUES (NULL, 9, NULL, N'Test9', NULL, N'Test', CAST(0x00005CBD00000000 AS DateTime), 1, NULL, NULL, NULL, NULL, 1, NULL, NULL, NULL, NULL, NULL, NULL, NULL, NULL, NULL, NULL, NULL, NULL, NULL, NULL, NULL, NULL, NULL, NULL, NULL, NULL, 1, NULL, NULL, NULL, NULL, NULL, NULL, NULL, NULL, NULL, NULL, NULL, NULL, NULL, NULL, NULL, 1, NULL, NULL, NULL, NULL, NULL, NULL, NULL, NULL, NULL, NULL, NULL, NULL, NULL, NULL, NULL, NULL)
--INSERT [dbo].[tbl_Demographic] ([GenNote], [PtID], [PtIHI], [Nm], [MddleNm], [LstNm], [DOB], [DOBAcc], [Dth], [DOD], [DODAcc], [CODth], [ATSI], [CountryBirth], [Street], [AddNK], [NOFXAdd], [Suburb], [Pcode], [State], [Country], [PtEmail], [PtMobPh], [PtHomPh], [PtWorkPh], [PtPhNo], [WrHmPh], [WrmobPh], [WrWkPh], [Medicare], [NoMedicare], [DVA], [DVAno], [NOKStat], [NOKNm], [NOKNmNo], [NOKLstNm], [NOKLstNmNo], [NOKRel], [NOKOth], [NOKAddSt], [NOKStreet], [NOKSuburb], [NOKPcode], [NOKPcodeNo], [NOKState], [NOKMobPh], [NOKHomPh], [NOKWrkPh], [GPStatus], [GPNm], [GPNmNo], [GPLstNm], [GPLstNmNo], [GPAdd], [GPPcode], [GPState], [GPWrkPh], [GPWrkPhNS], [DemDc], [DemDcDt], [DemVal], [LastSavedBy], [LastSavedDate], [CreatedBy], [CreatedDate]) VALUES (NULL, 10, NULL, N'Test10', NULL, N'Test', CAST(0x00005CBD00000000 AS DateTime), 1, NULL, NULL, NULL, NULL, 1, NULL, NULL, NULL, NULL, NULL, NULL, NULL, NULL, NULL, NULL, NULL, NULL, NULL, NULL, NULL, NULL, NULL, NULL, NULL, NULL, 1, NULL, NULL, NULL, NULL, NULL, NULL, NULL, NULL, NULL, NULL, NULL, NULL, NULL, NULL, NULL, 1, NULL, NULL, NULL, NULL, NULL, NULL, NULL, NULL, NULL, NULL, NULL, NULL, NULL, NULL, NULL, NULL)
--SET IDENTITY_INSERT [dbo].[tbl_Demographic] OFF
--/****** Object:  Table [dbo].[tbl_User]    Script Date: 01/24/2013 15:10:20 ******/
--/****** Object:  Table [dbo].[tbl_Clinician]    Script Date: 01/24/2013 15:10:20 ******/
--SET IDENTITY_INSERT [dbo].[tbl_Clinician] ON
--INSERT [dbo].[tbl_Clinician] ([ClinRegID], [ClinTitle], [ClinNm], [ClinLastNm], [ClinType], [AHPRAReg], [AHPRARegDt], [ClinPrimPrac], [ClinPrimAdd], [ClinPrimSub], [ClinPrimPcode], [ClinSecPrac], [ClinSecAdd], [ClinSecSub], [ClinSecPcode], [ClinEmail1], [ClinEmail2], [ClinMobPh], [ClinWrkPh], [ClinFax], [ClinRepYN], [ClinCon], [LastSavedBy], [LastSavedDate], [CreatedDate], [CreatedBy]) VALUES (1, 1, N'Chocolate', N'Bear', 1, N'', NULL, N'', N'', N'', N'', N'', N'', N'', N'', N'', N'jllk', N'', N'', N'', 0, 0, N'cidmu', CAST(0x0000A14E00BCAD83 AS DateTime), CAST(0x0000A14E00AFA8B7 AS DateTime), N'cidmu')
--INSERT [dbo].[tbl_Clinician] ([ClinRegID], [ClinTitle], [ClinNm], [ClinLastNm], [ClinType], [AHPRAReg], [AHPRARegDt], [ClinPrimPrac], [ClinPrimAdd], [ClinPrimSub], [ClinPrimPcode], [ClinSecPrac], [ClinSecAdd], [ClinSecSub], [ClinSecPcode], [ClinEmail1], [ClinEmail2], [ClinMobPh], [ClinWrkPh], [ClinFax], [ClinRepYN], [ClinCon], [LastSavedBy], [LastSavedDate], [CreatedDate], [CreatedBy]) VALUES (2, 1, N'John', N'Smith', 1, NULL, NULL, NULL, NULL, NULL, NULL, NULL, NULL, NULL, NULL, NULL, NULL, NULL, NULL, NULL, NULL, NULL, NULL, NULL, NULL, NULL)
--INSERT [dbo].[tbl_Clinician] ([ClinRegID], [ClinTitle], [ClinNm], [ClinLastNm], [ClinType], [AHPRAReg], [AHPRARegDt], [ClinPrimPrac], [ClinPrimAdd], [ClinPrimSub], [ClinPrimPcode], [ClinSecPrac], [ClinSecAdd], [ClinSecSub], [ClinSecPcode], [ClinEmail1], [ClinEmail2], [ClinMobPh], [ClinWrkPh], [ClinFax], [ClinRepYN], [ClinCon], [LastSavedBy], [LastSavedDate], [CreatedDate], [CreatedBy]) VALUES (3, 1, N'Honey', N'Bear', 2, N'', NULL, N'', N'', N'', N'', N'', N'', N'', N'', N'', N'', N'', N'', N'', NULL, NULL, NULL, CAST(0x0000A14E00EA79C9 AS DateTime), CAST(0x0000A14E00EA79C9 AS DateTime), N'cidmu')
--INSERT [dbo].[tbl_Clinician] ([ClinRegID], [ClinTitle], [ClinNm], [ClinLastNm], [ClinType], [AHPRAReg], [AHPRARegDt], [ClinPrimPrac], [ClinPrimAdd], [ClinPrimSub], [ClinPrimPcode], [ClinSecPrac], [ClinSecAdd], [ClinSecSub], [ClinSecPcode], [ClinEmail1], [ClinEmail2], [ClinMobPh], [ClinWrkPh], [ClinFax], [ClinRepYN], [ClinCon], [LastSavedBy], [LastSavedDate], [CreatedDate], [CreatedBy]) VALUES (4, 1, N'Teady', N'Bear', 4, N'', NULL, N'', N'', N'', N'', N'', N'', N'', N'', N'', N'', N'', N'', N'', NULL, NULL, NULL, CAST(0x0000A14E00EAA3C1 AS DateTime), CAST(0x0000A14E00EAA3C1 AS DateTime), N'cidmu')
--SET IDENTITY_INSERT [dbo].[tbl_Clinician] OFF
--/****** Object:  Table [dbo].[tbl_Institute]    Script Date: 01/24/2013 15:10:20 ******/
--INSERT [dbo].[tbl_Institute] ([InstNAM], [InstID], [InstStreet], [InstSuburb], [InstPcode], [InstState], [VicICS], [InstType], [InstSurgHoU], [InstRTHoU], [InstHoU], [InstLetter], [InstApp], [AuthDt], [InstWaivDth], [InstWaivDthDt], [InstWaivTURP], [InstWaivTURPDt], [InstQuesExt], [LastSavedBy], [LastSavedDate], [CreatedDate], [CreatedBy]) VALUES (N'Alfred', 1, N'', N'', N'', NULL, NULL, NULL, NULL, NULL, NULL, NULL, NULL, NULL, NULL, NULL, NULL, NULL, NULL, N'cidmu', CAST(0x0000A15000E0F0BF AS DateTime), NULL, NULL)
--INSERT [dbo].[tbl_Institute] ([InstNAM], [InstID], [InstStreet], [InstSuburb], [InstPcode], [InstState], [VicICS], [InstType], [InstSurgHoU], [InstRTHoU], [InstHoU], [InstLetter], [InstApp], [AuthDt], [InstWaivDth], [InstWaivDthDt], [InstWaivTURP], [InstWaivTURPDt], [InstQuesExt], [LastSavedBy], [LastSavedDate], [CreatedDate], [CreatedBy]) VALUES (N'Test 2', 2, N'123', N'Melbourne', N'3000', 2, 1, 1, 1, 1, 1, 1, CAST(0x0000A13900000000 AS DateTime), CAST(0x0000A13900000000 AS DateTime), 0, CAST(0x0000A13900000000 AS DateTime), 0, CAST(0x0000A13900000000 AS DateTime), 0, NULL, CAST(0x0000A14E00EA159D AS DateTime), NULL, NULL)
--/****** Object:  Table [dbo].[tbl_AdjuvantADTtherapy]    Script Date: 01/24/2013 15:10:20 ******/
--SET IDENTITY_INSERT [dbo].[tbl_AdjuvantADTtherapy] ON
--INSERT [dbo].[tbl_AdjuvantADTtherapy] ([AjuntiveADTId], [ADTYN], [ADTDt], [ADTPSA], [ADTCln], [ADTInst], [ADTDai], [ADTDc], [ADTDcDt], [LastSavedBy], [LastSavedDate], [CreatedBy], [CreatedDate]) VALUES (1, 1, NULL, 8, NULL, NULL, NULL, NULL, NULL, N'cidmu', CAST(0x0000A15000F2CCFD AS DateTime), NULL, NULL)
--SET IDENTITY_INSERT [dbo].[tbl_AdjuvantADTtherapy] OFF
--/****** Object:  Table [dbo].[tbl_ClinicianInstituteConsent]    Script Date: 01/24/2013 15:10:20 ******/
--INSERT [dbo].[tbl_ClinicianInstituteConsent] ([ClinRegID], [InstID]) VALUES (1, 1)
--/****** Object:  Table [dbo].[tbl_PatientInstitute]    Script Date: 01/25/2013 14:40:23 ******/
--SET IDENTITY_INSERT [dbo].[tbl_PatientInstitute] ON
--INSERT [dbo].[tbl_PatientInstitute] ([PtInstID], [PtID], [InstID], [UR], [DataRight], [LastSavedBy], [LastSavedDate], [CreatedBy], [CreatedDate]) VALUES (1, 1, 1, N'0101', 0, NULL, NULL, N'cidmu', CAST(0x0000A15100F93BC5 AS DateTime))
--INSERT [dbo].[tbl_PatientInstitute] ([PtInstID], [PtID], [InstID], [UR], [DataRight], [LastSavedBy], [LastSavedDate], [CreatedBy], [CreatedDate]) VALUES (2, 1, 2, N'0201', 1, NULL, NULL, N'cidmu', CAST(0x0000A15100F93BC5 AS DateTime))
--INSERT [dbo].[tbl_PatientInstitute] ([PtInstID], [PtID], [InstID], [UR], [DataRight], [LastSavedBy], [LastSavedDate], [CreatedBy], [CreatedDate]) VALUES (3, 3, 1, N'0103', 0, N'cidmu', CAST(0x0000A151011656E9 AS DateTime), N'cidmu', CAST(0x0000A15100F93BC5 AS DateTime))
--INSERT [dbo].[tbl_PatientInstitute] ([PtInstID], [PtID], [InstID], [UR], [DataRight], [LastSavedBy], [LastSavedDate], [CreatedBy], [CreatedDate]) VALUES (4, 3, 2, N'0203', 1, N'cidmu', CAST(0x0000A15101165B84 AS DateTime), N'cidmu', CAST(0x0000A15100F93BC5 AS DateTime))
--INSERT [dbo].[tbl_PatientInstitute] ([PtInstID], [PtID], [InstID], [UR], [DataRight], [LastSavedBy], [LastSavedDate], [CreatedBy], [CreatedDate]) VALUES (5, 5, 2, N'0205', 0, NULL, NULL, N'cidmu', CAST(0x0000A15100F93BC5 AS DateTime))
--INSERT [dbo].[tbl_PatientInstitute] ([PtInstID], [PtID], [InstID], [UR], [DataRight], [LastSavedBy], [LastSavedDate], [CreatedBy], [CreatedDate]) VALUES (6, 6, 1, N'0106x', 0, N'cidmu', CAST(0x0000A151010169EF AS DateTime), N'cidmu', CAST(0x0000A15100F93BC5 AS DateTime))
--INSERT [dbo].[tbl_PatientInstitute] ([PtInstID], [PtID], [InstID], [UR], [DataRight], [LastSavedBy], [LastSavedDate], [CreatedBy], [CreatedDate]) VALUES (7, 7, 1, N'0107', 0, NULL, NULL, N'cidmu', CAST(0x0000A15100F93BC5 AS DateTime))
--INSERT [dbo].[tbl_PatientInstitute] ([PtInstID], [PtID], [InstID], [UR], [DataRight], [LastSavedBy], [LastSavedDate], [CreatedBy], [CreatedDate]) VALUES (8, 8, 2, N'0208', 0, NULL, NULL, N'cidmu', CAST(0x0000A15100F93BC5 AS DateTime))
--INSERT [dbo].[tbl_PatientInstitute] ([PtInstID], [PtID], [InstID], [UR], [DataRight], [LastSavedBy], [LastSavedDate], [CreatedBy], [CreatedDate]) VALUES (9, 9, 2, N'0209', 0, NULL, NULL, N'cidmu', CAST(0x0000A15100F93BC5 AS DateTime))
--INSERT [dbo].[tbl_PatientInstitute] ([PtInstID], [PtID], [InstID], [UR], [DataRight], [LastSavedBy], [LastSavedDate], [CreatedBy], [CreatedDate]) VALUES (10, 10, 2, N'0210', 0, NULL, NULL, N'cidmu', CAST(0x0000A15100F93BC5 AS DateTime))
--INSERT [dbo].[tbl_PatientInstitute] ([PtInstID], [PtID], [InstID], [UR], [DataRight], [LastSavedBy], [LastSavedDate], [CreatedBy], [CreatedDate]) VALUES (11, 3, 2, N'0203', 1, N'cidmu', CAST(0x0000A15101165FD3 AS DateTime), N'cidmu', CAST(0x0000A15101132414 AS DateTime))
--SET IDENTITY_INSERT [dbo].[tbl_PatientInstitute] OFF
--/****** Object:  Table [dbo].[tbl_PatientAdmin]    Script Date: 01/25/2013 14:40:23 ******/
--INSERT [dbo].[tbl_PatientAdmin] ([PtID], [AdminCom], [NotInst], [DiagDtVCR], [ImportDt], [Consent], [OffOffDt], [OptOffReas], [OptOffOth], [HSChk1], [HSDt1], [NotClin], [PrefLan], [TURPStatus], [ClinConDt], [ClinResDt], [HSChk24], [HSDt24], [HSChk60], [HSDt60], [MailSentDt1], [MailRetDt1], [Street1], [Suburb1], [Pcode1], [State1], [Preflan1], [MailSentDt2], [MailRetDt2], [Street2], [Suburb2], [Pcode2], [State2], [Preflan2], [MailSentDt3], [MailRetDt3], [Street3], [Suburb3], [Pcode3], [State3], [Preflan3], [ResendLtr2], [ResendLtr3], [LastSavedBy], [LastSavedDate], [CreatedBy], [CreatedDate]) VALUES (1, NULL, 1, CAST(0x000084B000000000 AS DateTime), NULL, 1, NULL, NULL, NULL, NULL, NULL, 1, NULL, NULL, NULL, NULL, NULL, NULL, NULL, NULL, NULL, NULL, NULL, NULL, NULL, NULL, NULL, NULL, NULL, NULL, NULL, NULL, NULL, NULL, NULL, NULL, NULL, NULL, NULL, NULL, NULL, NULL, NULL, NULL, NULL, NULL, NULL)
--INSERT [dbo].[tbl_PatientAdmin] ([PtID], [AdminCom], [NotInst], [DiagDtVCR], [ImportDt], [Consent], [OffOffDt], [OptOffReas], [OptOffOth], [HSChk1], [HSDt1], [NotClin], [PrefLan], [TURPStatus], [ClinConDt], [ClinResDt], [HSChk24], [HSDt24], [HSChk60], [HSDt60], [MailSentDt1], [MailRetDt1], [Street1], [Suburb1], [Pcode1], [State1], [Preflan1], [MailSentDt2], [MailRetDt2], [Street2], [Suburb2], [Pcode2], [State2], [Preflan2], [MailSentDt3], [MailRetDt3], [Street3], [Suburb3], [Pcode3], [State3], [Preflan3], [ResendLtr2], [ResendLtr3], [LastSavedBy], [LastSavedDate], [CreatedBy], [CreatedDate]) VALUES (2, NULL, 2, CAST(0x000084B000000000 AS DateTime), NULL, 1, NULL, NULL, NULL, NULL, NULL, 1, NULL, NULL, NULL, NULL, NULL, NULL, NULL, NULL, NULL, NULL, NULL, NULL, NULL, NULL, NULL, NULL, NULL, NULL, NULL, NULL, NULL, NULL, NULL, NULL, NULL, NULL, NULL, NULL, NULL, NULL, NULL, NULL, NULL, NULL, NULL)
--INSERT [dbo].[tbl_PatientAdmin] ([PtID], [AdminCom], [NotInst], [DiagDtVCR], [ImportDt], [Consent], [OffOffDt], [OptOffReas], [OptOffOth], [HSChk1], [HSDt1], [NotClin], [PrefLan], [TURPStatus], [ClinConDt], [ClinResDt], [HSChk24], [HSDt24], [HSChk60], [HSDt60], [MailSentDt1], [MailRetDt1], [Street1], [Suburb1], [Pcode1], [State1], [Preflan1], [MailSentDt2], [MailRetDt2], [Street2], [Suburb2], [Pcode2], [State2], [Preflan2], [MailSentDt3], [MailRetDt3], [Street3], [Suburb3], [Pcode3], [State3], [Preflan3], [ResendLtr2], [ResendLtr3], [LastSavedBy], [LastSavedDate], [CreatedBy], [CreatedDate]) VALUES (3, NULL, 1, CAST(0x000084B000000000 AS DateTime), NULL, 1, NULL, NULL, NULL, NULL, NULL, 1, NULL, NULL, NULL, NULL, NULL, NULL, NULL, NULL, NULL, NULL, NULL, NULL, NULL, NULL, NULL, NULL, NULL, NULL, NULL, NULL, NULL, NULL, NULL, NULL, NULL, NULL, NULL, NULL, NULL, NULL, NULL, NULL, NULL, NULL, NULL)
--INSERT [dbo].[tbl_PatientAdmin] ([PtID], [AdminCom], [NotInst], [DiagDtVCR], [ImportDt], [Consent], [OffOffDt], [OptOffReas], [OptOffOth], [HSChk1], [HSDt1], [NotClin], [PrefLan], [TURPStatus], [ClinConDt], [ClinResDt], [HSChk24], [HSDt24], [HSChk60], [HSDt60], [MailSentDt1], [MailRetDt1], [Street1], [Suburb1], [Pcode1], [State1], [Preflan1], [MailSentDt2], [MailRetDt2], [Street2], [Suburb2], [Pcode2], [State2], [Preflan2], [MailSentDt3], [MailRetDt3], [Street3], [Suburb3], [Pcode3], [State3], [Preflan3], [ResendLtr2], [ResendLtr3], [LastSavedBy], [LastSavedDate], [CreatedBy], [CreatedDate]) VALUES (4, NULL, 2, CAST(0x000084B000000000 AS DateTime), NULL, 1, NULL, NULL, NULL, NULL, NULL, 1, NULL, NULL, NULL, NULL, NULL, NULL, NULL, NULL, NULL, NULL, NULL, NULL, NULL, NULL, NULL, NULL, NULL, NULL, NULL, NULL, NULL, NULL, NULL, NULL, NULL, NULL, NULL, NULL, NULL, NULL, NULL, NULL, NULL, NULL, NULL)
--INSERT [dbo].[tbl_PatientAdmin] ([PtID], [AdminCom], [NotInst], [DiagDtVCR], [ImportDt], [Consent], [OffOffDt], [OptOffReas], [OptOffOth], [HSChk1], [HSDt1], [NotClin], [PrefLan], [TURPStatus], [ClinConDt], [ClinResDt], [HSChk24], [HSDt24], [HSChk60], [HSDt60], [MailSentDt1], [MailRetDt1], [Street1], [Suburb1], [Pcode1], [State1], [Preflan1], [MailSentDt2], [MailRetDt2], [Street2], [Suburb2], [Pcode2], [State2], [Preflan2], [MailSentDt3], [MailRetDt3], [Street3], [Suburb3], [Pcode3], [State3], [Preflan3], [ResendLtr2], [ResendLtr3], [LastSavedBy], [LastSavedDate], [CreatedBy], [CreatedDate]) VALUES (5, NULL, 2, CAST(0x000084B000000000 AS DateTime), NULL, 1, NULL, NULL, NULL, NULL, NULL, 1, NULL, NULL, NULL, NULL, NULL, NULL, NULL, NULL, NULL, NULL, NULL, NULL, NULL, NULL, NULL, NULL, NULL, NULL, NULL, NULL, NULL, NULL, NULL, NULL, NULL, NULL, NULL, NULL, NULL, NULL, NULL, NULL, NULL, NULL, NULL)
--INSERT [dbo].[tbl_PatientAdmin] ([PtID], [AdminCom], [NotInst], [DiagDtVCR], [ImportDt], [Consent], [OffOffDt], [OptOffReas], [OptOffOth], [HSChk1], [HSDt1], [NotClin], [PrefLan], [TURPStatus], [ClinConDt], [ClinResDt], [HSChk24], [HSDt24], [HSChk60], [HSDt60], [MailSentDt1], [MailRetDt1], [Street1], [Suburb1], [Pcode1], [State1], [Preflan1], [MailSentDt2], [MailRetDt2], [Street2], [Suburb2], [Pcode2], [State2], [Preflan2], [MailSentDt3], [MailRetDt3], [Street3], [Suburb3], [Pcode3], [State3], [Preflan3], [ResendLtr2], [ResendLtr3], [LastSavedBy], [LastSavedDate], [CreatedBy], [CreatedDate]) VALUES (6, NULL, 1, CAST(0x000084B000000000 AS DateTime), NULL, 1, NULL, NULL, NULL, NULL, NULL, 1, NULL, NULL, NULL, NULL, NULL, NULL, NULL, NULL, NULL, NULL, NULL, NULL, NULL, NULL, NULL, NULL, NULL, NULL, NULL, NULL, NULL, NULL, NULL, NULL, NULL, NULL, NULL, NULL, NULL, NULL, NULL, NULL, NULL, NULL, NULL)
--INSERT [dbo].[tbl_PatientAdmin] ([PtID], [AdminCom], [NotInst], [DiagDtVCR], [ImportDt], [Consent], [OffOffDt], [OptOffReas], [OptOffOth], [HSChk1], [HSDt1], [NotClin], [PrefLan], [TURPStatus], [ClinConDt], [ClinResDt], [HSChk24], [HSDt24], [HSChk60], [HSDt60], [MailSentDt1], [MailRetDt1], [Street1], [Suburb1], [Pcode1], [State1], [Preflan1], [MailSentDt2], [MailRetDt2], [Street2], [Suburb2], [Pcode2], [State2], [Preflan2], [MailSentDt3], [MailRetDt3], [Street3], [Suburb3], [Pcode3], [State3], [Preflan3], [ResendLtr2], [ResendLtr3], [LastSavedBy], [LastSavedDate], [CreatedBy], [CreatedDate]) VALUES (7, NULL, 1, CAST(0x000084B000000000 AS DateTime), NULL, 1, NULL, NULL, NULL, NULL, NULL, 1, NULL, NULL, NULL, NULL, NULL, NULL, NULL, NULL, NULL, NULL, NULL, NULL, NULL, NULL, NULL, NULL, NULL, NULL, NULL, NULL, NULL, NULL, NULL, NULL, NULL, NULL, NULL, NULL, NULL, NULL, NULL, NULL, NULL, NULL, NULL)
--INSERT [dbo].[tbl_PatientAdmin] ([PtID], [AdminCom], [NotInst], [DiagDtVCR], [ImportDt], [Consent], [OffOffDt], [OptOffReas], [OptOffOth], [HSChk1], [HSDt1], [NotClin], [PrefLan], [TURPStatus], [ClinConDt], [ClinResDt], [HSChk24], [HSDt24], [HSChk60], [HSDt60], [MailSentDt1], [MailRetDt1], [Street1], [Suburb1], [Pcode1], [State1], [Preflan1], [MailSentDt2], [MailRetDt2], [Street2], [Suburb2], [Pcode2], [State2], [Preflan2], [MailSentDt3], [MailRetDt3], [Street3], [Suburb3], [Pcode3], [State3], [Preflan3], [ResendLtr2], [ResendLtr3], [LastSavedBy], [LastSavedDate], [CreatedBy], [CreatedDate]) VALUES (8, NULL, 2, CAST(0x000084B000000000 AS DateTime), NULL, 1, NULL, NULL, NULL, NULL, NULL, 1, NULL, NULL, NULL, NULL, NULL, NULL, NULL, NULL, NULL, NULL, NULL, NULL, NULL, NULL, NULL, NULL, NULL, NULL, NULL, NULL, NULL, NULL, NULL, NULL, NULL, NULL, NULL, NULL, NULL, NULL, NULL, NULL, NULL, NULL, NULL)
--INSERT [dbo].[tbl_PatientAdmin] ([PtID], [AdminCom], [NotInst], [DiagDtVCR], [ImportDt], [Consent], [OffOffDt], [OptOffReas], [OptOffOth], [HSChk1], [HSDt1], [NotClin], [PrefLan], [TURPStatus], [ClinConDt], [ClinResDt], [HSChk24], [HSDt24], [HSChk60], [HSDt60], [MailSentDt1], [MailRetDt1], [Street1], [Suburb1], [Pcode1], [State1], [Preflan1], [MailSentDt2], [MailRetDt2], [Street2], [Suburb2], [Pcode2], [State2], [Preflan2], [MailSentDt3], [MailRetDt3], [Street3], [Suburb3], [Pcode3], [State3], [Preflan3], [ResendLtr2], [ResendLtr3], [LastSavedBy], [LastSavedDate], [CreatedBy], [CreatedDate]) VALUES (9, NULL, 2, CAST(0x000084B000000000 AS DateTime), NULL, 1, NULL, NULL, NULL, NULL, NULL, 1, NULL, NULL, NULL, NULL, NULL, NULL, NULL, NULL, NULL, NULL, NULL, NULL, NULL, NULL, NULL, NULL, NULL, NULL, NULL, NULL, NULL, NULL, NULL, NULL, NULL, NULL, NULL, NULL, NULL, NULL, NULL, NULL, NULL, NULL, NULL)
--INSERT [dbo].[tbl_PatientAdmin] ([PtID], [AdminCom], [NotInst], [DiagDtVCR], [ImportDt], [Consent], [OffOffDt], [OptOffReas], [OptOffOth], [HSChk1], [HSDt1], [NotClin], [PrefLan], [TURPStatus], [ClinConDt], [ClinResDt], [HSChk24], [HSDt24], [HSChk60], [HSDt60], [MailSentDt1], [MailRetDt1], [Street1], [Suburb1], [Pcode1], [State1], [Preflan1], [MailSentDt2], [MailRetDt2], [Street2], [Suburb2], [Pcode2], [State2], [Preflan2], [MailSentDt3], [MailRetDt3], [Street3], [Suburb3], [Pcode3], [State3], [Preflan3], [ResendLtr2], [ResendLtr3], [LastSavedBy], [LastSavedDate], [CreatedBy], [CreatedDate]) VALUES (10, NULL, 2, CAST(0x000084B000000000 AS DateTime), NULL, 1, NULL, NULL, NULL, NULL, NULL, 1, NULL, NULL, NULL, NULL, NULL, NULL, NULL, NULL, NULL, NULL, NULL, NULL, NULL, NULL, NULL, NULL, NULL, NULL, NULL, NULL, NULL, NULL, NULL, NULL, NULL, NULL, NULL, NULL, NULL, NULL, NULL, NULL, NULL, NULL, NULL)
--/****** Object:  Table [dbo].[tbl_PalliativeRadiotherapy]    Script Date: 01/24/2013 15:10:20 ******/

--/****** Object:  Table [dbo].[tbl_PalliativeADTtherapy]    Script Date: 01/24/2013 15:10:20 ******/
--SET IDENTITY_INSERT [dbo].[tbl_PalliativeADTtherapy] ON
--INSERT [dbo].[tbl_PalliativeADTtherapy] ([PalAdtId], [PalAdtYN], [PalAdtDt], [PalAdtDtAcc], [PalAdtPSA], [PalAdtClin], [PalAdtInst], [PalAdtDc], [PalAdtDcDt], [PalAdtVal], [LastSavedBy], [LastSavedDate], [CreatedBy], [CreatedDate]) VALUES (1, 0, NULL, NULL, NULL, NULL, NULL, NULL, NULL, NULL, N'cidmu', CAST(0x0000A1510119155D AS DateTime), N'cidmu', CAST(0x0000A15100F9B5F7 AS DateTime))
--INSERT [dbo].[tbl_PalliativeADTtherapy] ([PalAdtId], [PalAdtYN], [PalAdtDt], [PalAdtDtAcc], [PalAdtPSA], [PalAdtClin], [PalAdtInst], [PalAdtDc], [PalAdtDcDt], [PalAdtVal], [LastSavedBy], [LastSavedDate], [CreatedBy], [CreatedDate]) VALUES (2, 0, NULL, NULL, NULL, NULL, NULL, NULL, NULL, NULL, N'cidmu', CAST(0x0000A15101134E99 AS DateTime), N'cidmu', CAST(0x0000A151010B3B2C AS DateTime))
--SET IDENTITY_INSERT [dbo].[tbl_PalliativeADTtherapy] OFF
--/****** Object:  Table [dbo].[tbl_Radiotherapy]    Script Date: 01/24/2013 15:10:20 ******/
--SET IDENTITY_INSERT [dbo].[tbl_Radiotherapy] ON
--INSERT [dbo].[tbl_Radiotherapy] ([RadiotherapyID], [RtYN], [RtExBr], [RtOth], [RtOthType], [RtDt], [RtDtAcc], [RtPSA], [RtClin], [RtIntent], [RtIntOther], [RtInst], [RtDc], [RtDcDt], [RtVal], [LastSavedBy], [LastSavedDate], [CreatedBy], [CreatedDate]) VALUES (1, 1, NULL, NULL, N'', NULL, NULL, NULL, NULL, NULL, N'', NULL, NULL, NULL, 0, N'', CAST(0xAC360B00 AS Date), N'cidmu', CAST(0x0000A15000ED520F AS DateTime))
--INSERT [dbo].[tbl_Radiotherapy] ([RadiotherapyID], [RtYN], [RtExBr], [RtOth], [RtOthType], [RtDt], [RtDtAcc], [RtPSA], [RtClin], [RtIntent], [RtIntOther], [RtInst], [RtDc], [RtDcDt], [RtVal], [LastSavedBy], [LastSavedDate], [CreatedBy], [CreatedDate]) VALUES (2, 1, NULL, NULL, N'', NULL, NULL, NULL, NULL, NULL, N'', NULL, NULL, NULL, NULL, NULL, CAST(0xAB360B00 AS Date), N'cidmu', CAST(0x0000A15000ED59B0 AS DateTime))
--SET IDENTITY_INSERT [dbo].[tbl_Radiotherapy] OFF

--/****** Object:  Table [dbo].[tbl_Brachytherapy]    Script Date: 01/27/2013 15:10:20 ******/
--SET IDENTITY_INSERT [dbo].[tbl_Brachytherapy] ON
--INSERT [dbo].[tbl_Brachytherapy] ([BraId], [BraYN], [LdrYN], [HdrYN], [BraUnk], [BraDt], [BraDtAcc], [BraPSA], [BraClin], [BraInst], [BraDc], [BraDcDt], [BraVal], [LastSavedBy], [LastSavedDate], [CreatedBy], [CreatedDate]) VALUES (1, 0, NULL, NULL, NULL, NULL, NULL, NULL, NULL, NULL, NULL, NULL, 0, N'cidmu', CAST(0x0000A15101169BD6 AS DateTime), N'cidmu', CAST(0x0000A15000F19532 AS DateTime))
--SET IDENTITY_INSERT [dbo].[tbl_Brachytherapy] OFF
